{
  "seed": 123,
  "ViT-B-16___laion2b_s34b_b88k": {
    "mscoco_imagenet": {
      "embedding_shift": {
        "original": {
          "gap_norm": 0.7786026000976562,
          "retrieval@1": 0.3991537392139435,
          "retrieval@5": 0.6538383960723877,
          "retrieval@10": 0.7533749938011169,
          "RMG": 0.8089456033301982,
          "L2M": 0.7786026000976562,
          "L2I": 1.1985480785369873,
          "cosineTP": 0.2809881865978241,
          "V-measure": 0.6534645078455805
        },
        "shifted_lam1": {
          "gap_norm": 0.004488570149987936,
          "retrieval@1": 0.3235945999622345,
          "retrieval@5": 0.5706226229667664,
          "retrieval@10": 0.677815854549408,
          "RMG": 0.7086787668275336,
          "L2M": 0.004488570149987936,
          "L2I": 0.9853596091270447,
          "cosineTP": 0.5118163824081421,
          "V-measure": 0.6574358423446488
        }
      }
    },
    "msrvtt_v2": {
      "embedding_shift": null,
      "classification": {
        "baseline": null,
        "shifted_lam1": null
      }
    },
    "flickr30k": {
      "embedding_shift": {
        "original": {
          "gap_norm": 8.121624946594238,
          "retrieval@1": 0.5947497949138638,
          "retrieval@5": 0.8109926168990976,
          "retrieval@10": 0.874487284659557,
          "RMG": 0.8011008178093597,
          "cosineTP": 0.29993578791618347,
          "L2I": 13.090649604797363,
          "V-measure": 0.5215386262568301
        },
        "shifted_lam1": {
          "gap_norm": 0.09784039855003357,
          "retrieval@1": 0.4889253486464315,
          "retrieval@5": 0.7219031993437244,
          "retrieval@10": 0.7973748974569319,
          "RMG": 0.7158271325115741,
          "cosineTP": 0.5027847290039062,
          "L2I": 0.9946240782737732,
          "V-measure": 0.5346384780278615
        }
      }
    }
  },
  "ViT-B-32___laion2b_s34b_b79k": {
    "mscoco_imagenet": {
      "embedding_shift": {
        "original": {
          "gap_norm": 0.7363729476928711,
          "retrieval@1": 0.36449727416038513,
          "retrieval@5": 0.6296594738960266,
          "retrieval@10": 0.7332258820533752,
          "RMG": 0.8043254284054573,
          "L2M": 0.7363729476928711,
          "L2I": 1.178350806236267,
          "cosineTP": 0.3050069510936737,
          "V-measure": 0.6501357290444814
        },
        "shifted_lam1": {
          "gap_norm": 0.006365284789353609,
          "retrieval@1": 0.3062663674354553,
          "retrieval@5": 0.543219804763794,
          "retrieval@10": 0.6510175466537476,
          "RMG": 0.7135178694572544,
          "L2M": 0.006365284789353609,
          "L2I": 0.9859869480133057,
          "cosineTP": 0.5114852786064148,
          "V-measure": 0.6529704906505053
        }
      }
    },
    "msrvtt_v2": {
      "embedding_shift": null,
      "classification": {
        "baseline": null,
        "shifted_lam1": null
      }
    },
    "flickr30k": {
      "embedding_shift": {
        "original": {
          "gap_norm": 6.248468399047852,
          "retrieval@1": 0.5312551271534044,
          "retrieval@5": 0.7742411812961444,
          "retrieval@10": 0.8474159146841673,
          "RMG": 0.7977392466872416,
          "cosineTP": 0.32275521755218506,
          "L2I": 10.486898422241211,
          "V-measure": 0.5148309324321448
        },
        "shifted_lam1": {
          "gap_norm": 0.15226343274116516,
          "retrieval@1": 0.4118129614438064,
          "retrieval@5": 0.6469237079573421,
          "retrieval@10": 0.7319114027891714,
          "RMG": 0.7246022910551861,
          "cosineTP": 0.5032534003257751,
          "L2I": 0.9944026470184326,
          "V-measure": 0.5295298900268354
        }
      }
    }
  },
  "ViT-bigG-14___laion2b_s39b_b160k": {
    "mscoco_imagenet": {
      "embedding_shift": {
        "original": {
          "gap_norm": 0.6012502312660217,
          "retrieval@1": 0.46987709403038025,
          "retrieval@5": 0.724158763885498,
          "retrieval@10": 0.8079790472984314,
          "RMG": 0.771183069437621,
          "L2M": 0.6012502312660217,
          "L2I": 1.092373251914978,
          "cosineTP": 0.4021919369697571,
          "V-measure": 0.6630017343250756
        },
        "shifted_lam1": {
          "gap_norm": 0.016598191112279892,
          "retrieval@1": 0.4011686444282532,
          "retrieval@5": 0.641547441482544,
          "retrieval@10": 0.7348377704620361,
          "RMG": 0.7000822385507226,
          "L2M": 0.016598191112279892,
          "L2I": 0.952258825302124,
          "cosineTP": 0.543498158454895,
          "V-measure": 0.6682434483474157
        }
      }
    },
    "msrvtt_v2": {
      "embedding_shift": null,
      "classification": {
        "baseline": null,
        "shifted_lam1": null
      }
    },
    "flickr30k": {
      "embedding_shift": {
        "original": {
          "gap_norm": 22.766759872436523,
          "retrieval@1": 0.7309269893355209,
          "retrieval@5": 0.8986054142739951,
          "retrieval@10": 0.941591468416735,
          "RMG": 0.7653156456761749,
          "cosineTP": 0.42910876870155334,
          "L2I": 41.25327682495117,
          "V-measure": 0.531946284214492
        },
        "shifted_lam1": {
          "gap_norm": 0.045387811958789825,
          "retrieval@1": 0.6387202625102543,
          "retrieval@5": 0.8395406070549631,
          "retrieval@10": 0.8958162428219852,
          "RMG": 0.6967206164108896,
          "cosineTP": 0.5628457069396973,
          "L2I": 0.9321805238723755,
          "V-measure": 0.5593362665645859
        }
      }
    }
  },
  "ViT-B-16-SigLIP2-256___webli": {
    "mscoco_imagenet": {
      "embedding_shift": {
        "original": {
          "gap_norm": 1.0439039468765259,
          "retrieval@1": 0.5105782747268677,
          "retrieval@5": 0.7535764575004578,
          "retrieval@10": 0.8341729044914246,
          "RMG": 0.8713916811409641,
          "L2M": 1.0439039468765259,
          "L2I": 1.3071534633636475,
          "cosineTP": 0.14536336064338684,
          "V-measure": 0.6384503276164212
        },
        "shifted_lam1": {
          "gap_norm": 0.025608669966459274,
          "retrieval@1": 0.4124521315097809,
          "retrieval@5": 0.6574652194976807,
          "retrieval@10": 0.749143660068512,
          "RMG": 0.7092310387417463,
          "L2M": 0.025608669966459274,
          "L2I": 0.9160811305046082,
          "cosineTP": 0.5776914358139038,
          "V-measure": 0.6458905167175362
        }
      }
    },
    "msrvtt_v2": {
      "embedding_shift": null,
      "classification": {
        "baseline": null,
        "shifted_lam1": null
      }
    },
    "flickr30k": {
      "embedding_shift": {
        "original": {
          "gap_norm": 12.463349342346191,
          "retrieval@1": 0.7197703035274815,
          "retrieval@5": 0.8990976210008204,
          "retrieval@10": 0.941591468416735,
          "RMG": 0.8601063811326318,
          "cosineTP": 0.16566777229309082,
          "L2I": 16.715421676635742,
          "V-measure": 0.5148541238328351
        },
        "shifted_lam1": {
          "gap_norm": 0.17842842638492584,
          "retrieval@1": 0.6674323215750615,
          "retrieval@5": 0.8630024610336341,
          "retrieval@10": 0.909433962264151,
          "RMG": 0.7199380690048707,
          "cosineTP": 0.5396026968955994,
          "L2I": 0.9573684334754944,
          "V-measure": 0.5268620174549498
        }
      }
    }
  }
}