{
  "seed": 123,
  "ViT-B-32___laion2b_s34b_b79k": {
    "256": {
      "mscoco_imagenet": {
        "best_score": 1.039424725235748,
        "best_params": {
          "imp_thr": 0.2614375572956395,
          "gap_thr": 0.8657860911893531
        },
        "n_trials": 100,
        "metrics": {
          "n_dims": 497,
          "retrieval_orig": {
            "1": 0.362079381942749,
            "5": 0.6133387088775635,
            "10": 0.7203304171562195
          },
          "retrieval_aligned": {
            "1": 0.3411243259906769,
            "5": 0.598025381565094,
            "10": 0.7074350118637085
          },
          "gaps_orig": {
            "L2M": 0.5838289856910706,
            "L2I": 1.162274718284607,
            "cosineTP": 0.3232651352882385
          },
          "gaps_aligned": {
            "L2M": 0.07371532917022705,
            "L2I": 0.9181911945343018,
            "cosineTP": 0.5747843980789185
          },
          "clustering_orig": {
            "ARI": 0.14181183021583874,
            "NMI": 0.6813287113446925,
            "Homogeneity": 0.7334409311724808,
            "V-measure": 0.6813287113446926
          },
          "clustering_aligned": {
            "ARI": 0.15328221698812267,
            "NMI": 0.6943170311933774,
            "Homogeneity": 0.7480061873110677,
            "V-measure": 0.6943170311933775
          },
          "mean_rmg_over_batches": {
            "orig": 0.7670784219221142,
            "aligned": 0.68577365857871
          }
        }
      }
    }
  }
}