{
  "seed": 123,
  "mscoco_imagenet": {
    "best_score": 1.0429533345372866,
    "best_params": {
      "imp_thr": 0.20702803085326887,
      "gap_thr": 0.9288286483836968
    },
    "n_trials": 100,
    "metrics": {
      "n_dims": 506,
      "retrieval_orig": {
        "1": 0.3661092221736908,
        "5": 0.6302639245986938,
        "10": 0.7332258820533752
      },
      "retrieval_aligned": {
        "1": 0.34233325719833374,
        "5": 0.6010477542877197,
        "10": 0.7122707962989807
      },
      "gaps_orig": {
        "L2M": 0.5325372219085693,
        "L2I": 1.0476001501083374,
        "cosineTP": 0.321149617433548
      },
      "gaps_aligned": {
        "L2M": 0.05895604193210602,
        "L2I": 0.812473714351654,
        "cosineTP": 0.5809134840965271
      },
      "clustering_orig": {
        "ARI": 0.14461167249905213,
        "NMI": 0.6812451937033261,
        "Homogeneity": 0.7352643279317936,
        "V-measure": 0.6812451937033261
      },
      "clustering_aligned": {
        "ARI": 0.15297626659616265,
        "NMI": 0.6962189959992223,
        "Homogeneity": 0.7522757715274475,
        "V-measure": 0.6962189959992223
      },
      "mean_rmg_over_batches": {
        "orig": 0.7687692738847726,
        "aligned": 0.6864955987707492
      }
    }
  },
  "flickr30k": {
    "best_score": 1.1698992161072523,
    "best_params": {
      "imp_thr": 0.1322266595273899,
      "gap_thr": 0.7526300593112346
    },
    "n_trials": 100,
    "metrics": {
      "n_dims": 508,
      "retrieval_orig": {
        "1": 0.5714520215988159,
        "5": 0.7980311512947083,
        "10": 0.866447925567627
      },
      "retrieval_aligned": {
        "1": 0.5479901432991028,
        "5": 0.7748974561691284,
        "10": 0.8557834029197693
      },
      "gaps_orig": {
        "L2M": 0.5816684365272522,
        "L2I": 1.0891891717910767,
        "cosineTP": 0.3295672535896301
      },
      "gaps_aligned": {
        "L2M": 0.08050587028265,
        "L2I": 0.8585743308067322,
        "cosineTP": 0.596280038356781
      },
      "clustering_orig": {
        "ARI": 0.06279663743811878,
        "NMI": 0.5991359714101736,
        "Homogeneity": 0.6227392873270267,
        "V-measure": 0.5991359714101735,
        "n_clusters": 465
      },
      "clustering_aligned": {
        "ARI": 0.08132638704225158,
        "NMI": 0.6212202959064125,
        "Homogeneity": 0.6461357223537093,
        "V-measure": 0.6212202959064124,
        "n_clusters": 465
      },
      "mean_rmg_over_batches": {
        "orig": 0.7796633787996754,
        "aligned": 0.6981101467014089
      }
    }
  },
  "msrvtt_v2": {
    "best_score": 0.6109438696293807,
    "best_params": {
      "imp_thr": 0.1526190774186365,
      "gap_thr": 0.6472328096550983
    },
    "n_trials": 100,
    "metrics": {
      "n_dims": 506,
      "retrieval_orig": {
        "1": 0.32499998807907104,
        "5": 0.5699999928474426,
        "10": 0.6809999942779541
      },
      "retrieval_aligned": {
        "1": 0.3070000112056732,
        "5": 0.5550000071525574,
        "10": 0.6660000085830688
      },
      "gaps_orig": {
        "RMG": 0.7916004830779653,
        "L2M": 0.4855143129825592,
        "L2I": 1.01482355594635,
        "cosineTP": 0.2794080972671509
      },
      "gaps_aligned": {
        "RMG": 0.7374001556965586,
        "L2M": 0.07247579842805862,
        "L2I": 0.8150349259376526,
        "cosineTP": 0.4610745310783386
      },
      "clustering_orig": {
        "ARI": 0.11318880973783314,
        "NMI": 0.25879103122587194,
        "Homogeneity": 0.25991112085761314,
        "V-measure": 0.25879103122587194,
        "n_clusters": 20,
        "n_classes": 20
      },
      "clustering_aligned": {
        "ARI": 0.1664934309047708,
        "NMI": 0.33109670874814545,
        "Homogeneity": 0.33287580917722354,
        "V-measure": 0.3310967087481454,
        "n_clusters": 20,
        "n_classes": 20
      }
    }
  }
}