{
  "seed": 123,
  "ViT-B-32___laion2b_s34b_b79k": {
    "256": {
      "mscoco_imagenet": {
        "best_score": 0.3661092221736908,
        "best_params": {
          "imp_thr": 0.20849030290095388,
          "gap_thr": 0.7619487250699102
        },
        "n_trials": 100,
        "selection_metric": "retrieval_orig@1",
        "metrics": {
          "n_dims": 506,
          "retrieval_orig": {
            "1": 0.3661092221736908,
            "5": 0.6302639245986938,
            "10": 0.7332258820533752
          },
          "retrieval_aligned": {
            "1": 0.34233325719833374,
            "5": 0.6010477542877197,
            "10": 0.7122707962989807
          },
          "gaps_orig": {
            "L2M": 0.5325372219085693,
            "L2I": 1.0476001501083374,
            "cosineTP": 0.321149617433548
          },
          "gaps_aligned": {
            "L2M": 0.05895604193210602,
            "L2I": 0.812473714351654,
            "cosineTP": 0.5809134840965271
          },
          "clustering_orig": {
            "ARI": 0.14534085468174437,
            "NMI": 0.678469277173822,
            "Homogeneity": 0.7297649999368125,
            "V-measure": 0.6784692771738219
          },
          "clustering_aligned": {
            "ARI": 0.1493784958603396,
            "NMI": 0.6904563418911097,
            "Homogeneity": 0.7437284470481755,
            "V-measure": 0.6904563418911097
          },
          "mean_rmg_over_batches": {
            "orig": 0.7687692738847726,
            "aligned": 0.6864955987707492
          }
        }
      }
    },
    "384": {
      "flickr30k": {
        "best_score": 0.5719442367553711,
        "best_params": {
          "imp_thr": 4.4796350977649446e-05,
          "gap_thr": 0.9977431447260788
        },
        "n_trials": 100,
        "selection_metric": "retrieval_orig@1",
        "metrics": {
          "n_dims": 510,
          "retrieval_orig": {
            "1": 0.5719442367553711,
            "5": 0.8009844422340393,
            "10": 0.866447925567627
          },
          "retrieval_aligned": {
            "1": 0.5501230359077454,
            "5": 0.7775225639343262,
            "10": 0.8541427254676819
          },
          "gaps_orig": {
            "L2M": 0.6355266571044922,
            "L2I": 1.1269911527633667,
            "cosineTP": 0.3256184756755829
          },
          "gaps_aligned": {
            "L2M": 0.048586927354335785,
            "L2I": 0.9019778370857239,
            "cosineTP": 0.5748807787895203
          },
          "clustering_orig": {
            "ARI": 0.05599104838307693,
            "NMI": 0.5926995848087104,
            "Homogeneity": 0.6144301210097016,
            "V-measure": 0.5926995848087104,
            "n_clusters": 465
          },
          "clustering_aligned": {
            "ARI": 0.06817653690877344,
            "NMI": 0.6114998639135982,
            "Homogeneity": 0.6350751407083878,
            "V-measure": 0.6114998639135983,
            "n_clusters": 465
          },
          "mean_rmg_over_batches": {
            "orig": 0.7894347562052456,
            "aligned": 0.708600022608314
          }
        }
      }
    }
  }
}