{
  "ViT-B-32___laion2b_s34b_b79k": {
    "flickr30k": {
      "method": "GR-CLIP",
      "dataset": "flickr30k",
      "direction": "text_to_vision",
      "grclip_stats": {
        "n_fit": 10000,
        "embedding_dim": 512,
        "query_text_mean_norm": 0.5413786768913269,
        "document_text_mean_norm": 0.5413786768913269,
        "document_image_mean_norm": 0.5756060481071472
      },
      "retrieval_orig": {
        "1": 0.5694831609725952,
        "5": 0.8008203506469727,
        "10": 0.8656275868415833
      },
      "retrieval_aligned": {
        "1": 0.5338802337646484,
        "5": 0.764561116695404,
        "10": 0.8400328159332275
      },
      "gaps_orig": {
        "L2M": 0.6853559613227844,
        "L2I": 1.1632107496261597,
        "cosineTP": 0.32275527715682983,
        "RMG": 0.7977277144749543
      },
      "gaps_aligned": {
        "L2M": 0.019340697675943375,
        "L2I": 1.1323096752166748,
        "cosineTP": 0.3559030294418335,
        "RMG": 0.7203946802075843
      },
      "mean_rmg_over_batches": {
        "orig": 0.7977277144749543,
        "aligned": 0.7203946802075843
      },
      "clustering_orig": {
        "ARI": 0.05909677586457568,
        "NMI": 0.5437534413578959,
        "Homogeneity": 0.5646756239089785,
        "V-measure": 0.5437534413578959
      },
      "clustering_aligned": {
        "ARI": 0.06199536468865265,
        "NMI": 0.5504631687304211,
        "Homogeneity": 0.5725763965206722,
        "V-measure": 0.5504631687304211
      }
    },
    "mscoco_imagenet": {
      "method": "GR-CLIP",
      "dataset": "mscoco_imagenet",
      "direction": "text_to_vision",
      "grclip_stats": {
        "n_fit": 10000,
        "embedding_dim": 512,
        "query_text_mean_norm": 0.5748849511146545,
        "document_text_mean_norm": 0.5748849511146545,
        "document_image_mean_norm": 0.5603824853897095
      },
      "retrieval_orig": {
        "1": 0.36449727416038513,
        "5": 0.6296594738960266,
        "10": 0.7332258820533752
      },
      "retrieval_aligned": {
        "1": 0.3459601104259491,
        "5": 0.5877493619918823,
        "10": 0.7003828287124634
      },
      "gaps_orig": {
        "L2M": 0.7363729476928711,
        "L2I": 1.178350806236267,
        "cosineTP": 0.3050069510936737,
        "RMG": 0.80432542692993
      },
      "gaps_aligned": {
        "L2M": 0.026514483615756035,
        "L2I": 1.1153106689453125,
        "cosineTP": 0.3752892017364502,
        "RMG": 0.714288914038735
      },
      "mean_rmg_over_batches": {
        "orig": 0.80432542692993,
        "aligned": 0.714288914038735
      },
      "clustering_orig": {
        "ARI": 0.14013953924261072,
        "NMI": 0.6741491437501304,
        "Homogeneity": 0.7290975144288381,
        "V-measure": 0.6741491437501304
      },
      "clustering_aligned": {
        "ARI": 0.13131190799974285,
        "NMI": 0.6792434552390452,
        "Homogeneity": 0.737673917031683,
        "V-measure": 0.6792434552390452
      }
    },
    "msrvtt_v2": {
      "method": "GR-CLIP",
      "dataset": "msrvtt_v2",
      "direction": "text_to_vision",
      "grclip_stats": {
        "n_fit": 7010,
        "embedding_dim": 512,
        "query_text_mean_norm": 0.6659067869186401,
        "document_text_mean_norm": 0.6659067869186401,
        "document_image_mean_norm": 0.655765950679779
      },
      "retrieval_orig": {
        "1": 0.32600000500679016,
        "5": 0.5789999961853027,
        "10": 0.6859999895095825
      },
      "retrieval_aligned": {
        "1": 0.34599998593330383,
        "5": 0.5759999752044678,
        "10": 0.7009999752044678
      },
      "gaps_orig": {
        "L2M": 0.7806441187858582,
        "L2I": 1.1991441249847412,
        "cosineTP": 0.2800264060497284,
        "RMG": 0.8380064872521648
      },
      "gaps_aligned": {
        "L2M": 0.07942454516887665,
        "L2I": 1.2191202640533447,
        "cosineTP": 0.25315117835998535,
        "RMG": 0.7497735126952625
      },
      "mean_rmg_over_batches": {
        "orig": 0.8380064872521648,
        "aligned": 0.7497735126952625
      },
      "clustering_orig": {
        "ARI": 0.11275031736661961,
        "NMI": 0.24479879838727361,
        "Homogeneity": 0.2474051032634846,
        "V-measure": 0.24479879838727361
      },
      "clustering_aligned": {
        "ARI": 0.16318435176916254,
        "NMI": 0.3103431592882044,
        "Homogeneity": 0.31431849831030745,
        "V-measure": 0.3103431592882044
      }
    }
  },
  "ViT-B-16___laion2b_s34b_b88k": {
    "flickr30k": {
      "method": "GR-CLIP",
      "dataset": "flickr30k",
      "direction": "text_to_vision",
      "grclip_stats": {
        "n_fit": 10000,
        "embedding_dim": 512,
        "query_text_mean_norm": 0.527323842048645,
        "document_text_mean_norm": 0.527323842048645,
        "document_image_mean_norm": 0.5744011998176575
      },
      "retrieval_orig": {
        "1": 0.6132895946502686,
        "5": 0.8231337070465088,
        "10": 0.8836751580238342
      },
      "retrieval_aligned": {
        "1": 0.5734208226203918,
        "5": 0.7954060435295105,
        "10": 0.8662838339805603
      },
      "gaps_orig": {
        "L2M": 0.7270594239234924,
        "L2I": 1.182661533355713,
        "cosineTP": 0.29993581771850586,
        "RMG": 0.8011049296138341
      },
      "gaps_aligned": {
        "L2M": 0.019700318574905396,
        "L2I": 1.1160694360733032,
        "cosineTP": 0.37396496534347534,
        "RMG": 0.7146311565948339
      },
      "mean_rmg_over_batches": {
        "orig": 0.8011049296138341,
        "aligned": 0.7146311565948339
      },
      "clustering_orig": {
        "ARI": 0.05815099215415212,
        "NMI": 0.5442395773318828,
        "Homogeneity": 0.5654016194669047,
        "V-measure": 0.5442395773318829
      },
      "clustering_aligned": {
        "ARI": 0.0639339459971339,
        "NMI": 0.5541859922328513,
        "Homogeneity": 0.5766634192250104,
        "V-measure": 0.5541859922328511
      }
    },
    "mscoco_imagenet": {
      "method": "GR-CLIP",
      "dataset": "mscoco_imagenet",
      "direction": "text_to_vision",
      "grclip_stats": {
        "n_fit": 10000,
        "embedding_dim": 512,
        "query_text_mean_norm": 0.5644742250442505,
        "document_text_mean_norm": 0.5644742250442505,
        "document_image_mean_norm": 0.568233847618103
      },
      "retrieval_orig": {
        "1": 0.3991537392139435,
        "5": 0.6538383960723877,
        "10": 0.7533749938011169
      },
      "retrieval_aligned": {
        "1": 0.3665121793746948,
        "5": 0.6149506568908691,
        "10": 0.7235543131828308
      },
      "gaps_orig": {
        "L2M": 0.7786026000976562,
        "L2I": 1.1985480785369873,
        "cosineTP": 0.2809881865978241,
        "RMG": 0.8089456064266722
      },
      "gaps_aligned": {
        "L2M": 0.024366972967982292,
        "L2I": 1.101684808731079,
        "cosineTP": 0.39012452960014343,
        "RMG": 0.7093377745787119
      },
      "mean_rmg_over_batches": {
        "orig": 0.8089456064266722,
        "aligned": 0.7093377745787119
      },
      "clustering_orig": {
        "ARI": 0.1473575702755418,
        "NMI": 0.680147800805322,
        "Homogeneity": 0.7352377665539472,
        "V-measure": 0.6801478008053219
      },
      "clustering_aligned": {
        "ARI": 0.12899117623328363,
        "NMI": 0.6793645307750682,
        "Homogeneity": 0.738021059352704,
        "V-measure": 0.6793645307750682
      }
    }
  },
  "ViT-bigG-14___laion2b_s39b_b160k": {
    "flickr30k": {
      "method": "GR-CLIP",
      "dataset": "flickr30k",
      "direction": "text_to_vision",
      "grclip_stats": {
        "n_fit": 10000,
        "embedding_dim": 1280,
        "query_text_mean_norm": 0.5124399065971375,
        "document_text_mean_norm": 0.5124399065971375,
        "document_image_mean_norm": 0.5802364945411682
      },