{
  "ViT-B-32___laion2b_s34b_b79k": {
    "flickr30k": {
      "method": "I0T",
      "dataset": "flickr30k",
      "retrieval_orig": {
        "1": 0.5694831609725952,
        "5": 0.8008203506469727,
        "10": 0.8656275868415833
      },
      "retrieval_i0t": {
        "1": 0.5338802337646484,
        "5": 0.764561116695404,
        "10": 0.8400328159332275
      },
      "gaps_orig": {
        "L2M": 0.6853559613227844,
        "L2I": 1.1632107496261597,
        "cosineTP": 0.32275527715682983,
        "RMG": 0.7977277144749543
      },
      "gaps_i0t": {
        "L2M": 0.019340697675943375,
        "L2I": 1.1323096752166748,
        "cosineTP": 0.3559030294418335,
        "RMG": 0.7203946802075843
      },
      "mean_rmg_over_batches": {
        "orig": 0.7977277144749543,
        "i0t": 0.7203946802075843
      },
      "statistics": {
        "n_fit": 10000,
        "embedding_dim": 512,
        "mean_x_norm": 0.5413786768913269,
        "mean_y_norm": 0.5756060481071472
      },
      "clustering_orig": {
        "ARI": 0.06009722354686606,
        "NMI": 0.5437863516078851,
        "Homogeneity": 0.5649090897925287,
        "V-measure": 0.5437863516078851
      },
      "clustering_i0t": {
        "ARI": 0.061236799632596234,
        "NMI": 0.5514282441863108,
        "Homogeneity": 0.5736253821994458,
        "V-measure": 0.5514282441863108
      }
    },
    "mscoco_imagenet": {
      "method": "I0T",
      "dataset": "mscoco_imagenet",
      "retrieval_orig": {
        "1": 0.36449727416038513,
        "5": 0.6296594738960266,
        "10": 0.7332258820533752
      },
      "retrieval_i0t": {
        "1": 0.34515413641929626,
        "5": 0.5867418646812439,
        "10": 0.699979841709137
      },
      "gaps_orig": {
        "L2M": 0.7363729476928711,
        "L2I": 1.178350806236267,
        "cosineTP": 0.3050069510936737,
        "RMG": 0.80432542692993
      },
      "gaps_i0t": {
        "L2M": 0.025439228862524033,
        "L2I": 1.115283727645874,
        "cosineTP": 0.37532520294189453,
        "RMG": 0.7142740175036169
      },
      "mean_rmg_over_batches": {
        "orig": 0.80432542692993,
        "i0t": 0.7142740175036169
      },
      "statistics": {
        "n_fit": 10000,
        "embedding_dim": 512,
        "mean_x_norm": 0.5753963589668274,
        "mean_y_norm": 0.5606778264045715
      },
      "clustering_orig": {
        "ARI": 0.1347611231260285,
        "NMI": 0.6742402919605316,
        "Homogeneity": 0.7272382612177388,
        "V-measure": 0.6742402919605317
      },
      "clustering_i0t": {
        "ARI": 0.13198702104937374,
        "NMI": 0.6768849568379145,
        "Homogeneity": 0.732343561018846,
        "V-measure": 0.6768849568379145
      }
    },
    "msrvtt_v2": {
      "method": "I0T",
      "dataset": "msrvtt_v2",
      "retrieval_orig": {
        "1": 0.32600000500679016,
        "5": 0.5789999961853027,
        "10": 0.6859999895095825
      },
      "retrieval_i0t": {
        "1": 0.34599998593330383,
        "5": 0.5759999752044678,
        "10": 0.7009999752044678
      },
      "gaps_orig": {
        "L2M": 0.7806441187858582,
        "L2I": 1.1991441249847412,
        "cosineTP": 0.2800264060497284,
        "RMG": 0.8380064872521648
      },
      "gaps_i0t": {
        "L2M": 0.07942452281713486,
        "L2I": 1.2191202640533447,
        "cosineTP": 0.25315117835998535,
        "RMG": 0.7497735133151975
      },
      "mean_rmg_over_batches": {
        "orig": 0.8380064872521648,
        "i0t": 0.7497735133151975
      },
      "statistics": {
        "n_fit": 7010,
        "embedding_dim": 512,
        "mean_x_norm": 0.6659068465232849,
        "mean_y_norm": 0.655765950679779
      },
      "clustering_orig": {
        "ARI": 0.0959271943549669,
        "NMI": 0.24172177259387487,
        "Homogeneity": 0.24311521657661045,
        "V-measure": 0.24172177259387487
      },
      "clustering_i0t": {
        "ARI": 0.14076777237668814,
        "NMI": 0.2960533332801397,
        "Homogeneity": 0.3003183669516044,
        "V-measure": 0.2960533332801397
      }
    }
  },
  "ViT-bigG-14___laion2b_s39b_b160k": {
    "flickr30k": {
      "method": "I0T",
      "dataset": "flickr30k",
      "retrieval_orig": {
        "1": 0.7430680990219116,
        "5": 0.9036915302276611,
        "10": 0.9435603022575378
      },
      "retrieval_i0t": {
        "1": 0.6940115094184875,
        "5": 0.8748154044151306,
        "10": 0.9235438704490662
      },
      "gaps_orig": {
        "L2M": 0.5777562260627747,
        "L2I": 1.0676379203796387,
        "cosineTP": 0.4291088581085205,
        "RMG": 0.7653018598319078
      },
      "gaps_i0t": {
        "L2M": 0.018883422017097473,
        "L2I": 1.069636583328247,
        "cosineTP": 0.42429518699645996,
        "RMG": 0.6972348674307823
      },
      "mean_rmg_over_batches": {
        "orig": 0.7653018598319078,
        "i0t": 0.6972348674307823
      },
      "statistics": {
        "n_fit": 10000,
        "embedding_dim": 1280,
        "mean_x_norm": 0.5124399065971375,
        "mean_y_norm": 0.5802364945411682
      },
      "clustering_orig": {
        "ARI": 0.06727754926023297,
        "NMI": 0.5541120933861111,
        "Homogeneity": 0.5758810765628997,
        "V-measure": 0.5541120933861111
      },
      "clustering_i0t": {
        "ARI": 0.07964208201952458,
        "NMI": 0.5769144949014647,
        "Homogeneity": 0.6003954574086788,
        "V-measure": 0.5769144949014647
      }
    }
  },
  "ViT-B-16___laion2b_s34b_b88k": {
    "flickr30k": {
      "method": "I0T",
      "dataset": "flickr30k",
      "retrieval_orig": {
        "1": 0.6132895946502686,
        "5": 0.8231337070465088,
        "10": 0.8836751580238342
      },
      "retrieval_i0t": {
        "1": 0.5734208226203918,
        "5": 0.7954060435295105,
        "10": 0.8662838339805603
      },
      "gaps_orig": {
        "L2M": 0.7270594239234924,
        "L2I": 1.182661533355713,
        "cosineTP": 0.29993581771850586,
        "RMG": 0.8011049296138341
      },
      "gaps_i0t": {
        "L2M": 0.019700318574905396,
        "L2I": 1.1160694360733032,
        "cosineTP": 0.37396496534347534,
        "RMG": 0.7146311565948339
      },
      "mean_rmg_over_batches": {
        "orig": 0.8011049296138341,
        "i0t": 0.7146311565948339
      },
      "statistics": {
        "n_fit": 10000,
        "embedding_dim": 512,
        "mean_x_norm": 0.527323842048645,
        "mean_y_norm": 0.5744011998176575
      },
      "clustering_orig": {
        "ARI": 0.06038159710465253,
        "NMI": 0.5472180980419385,
        "Homogeneity": 0.5686475984680414,
        "V-measure": 0.5472180980419385
      },
      "clustering_i0t": {
        "ARI": 0.06646646057347355,
        "NMI": 0.5576009337431536,
        "Homogeneity": 0.5805987950707822,
        "V-measure": 0.5576009337431537
      }
    },
    "mscoco_imagenet": {
      "method": "I0T",
      "dataset": "mscoco_imagenet",
      "retrieval_orig": {
        "1": 0.3991537392139435,
        "5": 0.6538383960723877,
        "10": 0.7533749938011169
      },
      "retrieval_i0t": {
        "1": 0.3659077286720276,
        "5": 0.6141446828842163,
        "10": 0.7237557768821716
      },
      "gaps_orig": {
        "L2M": 0.7786026000976562,
        "L2I": 1.1985480785369873,
        "cosineTP": 0.2809881865978241,
        "RMG": 0.8089456064266722
      },
      "gaps_i0t": {
        "L2M": 0.0246741883456707,
        "L2I": 1.1016789674758911,
        "cosineTP": 0.3901345431804657,
        "RMG": 0.7093339947020304
      },
      "mean_rmg_over_batches": {
        "orig": 0.8089456064266722,
        "i0t": 0.7093339947020304
      },
      "statistics": {
        "n_fit": 10000,
        "embedding_dim": 512,
        "mean_x_norm": 0.5642728209495544,
        "mean_y_norm": 0.5685083270072937
      },
      "clustering_orig": {
        "ARI": 0.13669403020956994,
        "NMI": 0.675027096396389,