{
  "ViT-B-32___laion2b_s34b_b79k": {
    "flickr30k": {
      "method": "ReAlign",
      "dataset": "flickr30k",
      "direction": "text_to_vision",
      "retrieval_orig": {
        "1": 0.56948322057724,
        "5": 0.8008203506469727,
        "10": 0.8656275868415833
      },
      "retrieval_aligned": {
        "1": 0.44495490193367004,
        "5": 0.6690730452537537,
        "10": 0.7525840997695923
      },
      "gaps_orig": {
        "L2M": 0.6853560209274292,
        "L2I": 1.1632107496261597,
        "cosineTP": 0.32275527715682983,
        "RMG": 0.7977277120213332
      },
      "gaps_aligned": {
        "L2M": 0.013656122609972954,
        "L2I": 0.924309492111206,
        "cosineTP": 0.5708046555519104,
        "RMG": 0.7199791862369445
      },
      "mean_rmg_over_batches": null,
      "mapping_stats": {
        "n_fit": 10000,
        "scale": 0.9718583948651573,
        "trace_txt": 0.7071364283577978,
        "trace_img": 0.6678965368173349
      },
      "clustering_orig": {
        "ARI": 0.05909677586457568,
        "NMI": 0.5437534413578959,
        "Homogeneity": 0.5646756239089785,
        "V-measure": 0.5437534413578959
      },
      "clustering_aligned": {
        "ARI": 0.060218616156875,
        "NMI": 0.5487688664016955,
        "Homogeneity": 0.5704196860538381,
        "V-measure": 0.5487688664016956
      }
    },
    "mscoco_imagenet": {
      "method": "ReAlign",
      "dataset": "mscoco_imagenet",
      "direction": "text_to_vision",
      "retrieval_orig": {
        "1": 0.36449727416038513,
        "5": 0.6296594738960266,
        "10": 0.7332258820533752
      },
      "retrieval_aligned": {
        "1": 0.27846062183380127,
        "5": 0.5047350525856018,
        "10": 0.6113237738609314
      },
      "gaps_orig": {
        "L2M": 0.7363729476928711,
        "L2I": 1.178350806236267,
        "cosineTP": 0.3050069510936737,
        "RMG": 0.8043254290033328
      },
      "gaps_aligned": {
        "L2M": 0.016714898869395256,
        "L2I": 0.9225971698760986,
        "cosineTP": 0.5720385909080505,
        "RMG": 0.7144675290069922
      },
      "mean_rmg_over_batches": {
        "orig": 0.8043254290033328,
        "aligned": 0.7144675290069922
      },
      "mapping_stats": {
        "n_fit": 10000,
        "scale": 1.0122209877893578,
        "trace_txt": 0.6695073276711643,
        "trace_img": 0.6859714021479751
      },
      "clustering_orig": {
        "ARI": 0.14013953924261072,
        "NMI": 0.6741491437501304,
        "Homogeneity": 0.7290975144288381,
        "V-measure": 0.6741491437501304
      },
      "clustering_aligned": {
        "ARI": 0.13840025404197712,
        "NMI": 0.679205069741569,
        "Homogeneity": 0.7356941341853859,
        "V-measure": 0.679205069741569
      }
    },
    "msrvtt_v2": {
      "method": "ReAlign",
      "dataset": "msrvtt_v2",
      "direction": "text_to_vision",
      "retrieval_orig": {
        "1": 0.32600000500679016,
        "5": 0.5789999961853027,
        "10": 0.6859999895095825
      },
      "retrieval_aligned": {
        "1": 0.20900000631809235,
        "5": 0.39899998903274536,
        "10": 0.5040000081062317
      },
      "gaps_orig": {
        "L2M": 0.7806441187858582,
        "L2I": 1.1991440057754517,
        "cosineTP": 0.2800264060497284,
        "RMG": 0.8380064854349313
      },
      "gaps_aligned": {
        "L2M": 0.05111632123589516,
        "L2I": 0.9137681722640991,
        "cosineTP": 0.579486072063446,
        "RMG": 0.7493886652570739
      },
      "mean_rmg_over_batches": {
        "orig": 0.8380064854349313,
        "aligned": 0.7493886652570739
      },
      "mapping_stats": {
        "n_fit": 7010,
        "scale": 1.0119690789047486,
        "trace_txt": 0.5565681010501141,
        "trace_img": 0.5699710494931997
      },
      "clustering_orig": {
        "ARI": 0.11275031736661961,
        "NMI": 0.24479879838727361,
        "Homogeneity": 0.2474051032634846,
        "V-measure": 0.24479879838727361
      },
      "clustering_aligned": {
        "ARI": 0.17113892558576604,
        "NMI": 0.2975502888157631,
        "Homogeneity": 0.2994132184088622,
        "V-measure": 0.2975502888157631
      }
    }
  },
  "ViT-B-16___laion2b_s34b_b88k": {
    "flickr30k": {
      "method": "ReAlign",
      "dataset": "flickr30k",
      "direction": "text_to_vision",
      "retrieval_orig": {
        "1": 0.6132895946502686,
        "5": 0.8231337666511536,
        "10": 0.8836751580238342
      },
      "retrieval_aligned": {
        "1": 0.477276474237442,
        "5": 0.7066448330879211,
        "10": 0.7845775485038757
      },
      "gaps_orig": {
        "L2M": 0.7270594835281372,
        "L2I": 1.1826616525650024,
        "cosineTP": 0.29993581771850586,
        "RMG": 0.8011049296138341
      },
      "gaps_aligned": {
        "L2M": 0.013556141406297684,
        "L2I": 0.9122292399406433,
        "cosineTP": 0.5816468596458435,
        "RMG": 0.714356509406325
      },
      "mean_rmg_over_batches": null,
      "mapping_stats": {
        "n_fit": 10000,
        "scale": 0.9622638279301707,
        "trace_txt": 0.7222869589384712,
        "trace_img": 0.6688028192221174
      },
      "clustering_orig": {
        "ARI": 0.05815099215415212,
        "NMI": 0.5442395773318828,
        "Homogeneity": 0.5654016194669047,
        "V-measure": 0.5442395773318829
      },
      "clustering_aligned": {
        "ARI": 0.06525815301997949,
        "NMI": 0.5524362506322935,
        "Homogeneity": 0.5739196771273434,
        "V-measure": 0.5524362506322934
      }
    },
    "mscoco_imagenet": {
      "method": "ReAlign",
      "dataset": "mscoco_imagenet",
      "direction": "text_to_vision",
      "retrieval_orig": {
        "1": 0.3991537392139435,
        "5": 0.6538383960723877,
        "10": 0.7533749938011169
      },
      "retrieval_aligned": {
        "1": 0.2919605076313019,
        "5": 0.5321378111839294,
        "10": 0.6405400037765503
      },
      "gaps_orig": {
        "L2M": 0.7786026000976562,
        "L2I": 1.1985480785369873,
        "cosineTP": 0.2809881865978241,
        "RMG": 0.8089456060843112
      },
      "gaps_aligned": {
        "L2M": 0.016468701884150505,
        "L2I": 0.9060224294662476,
        "cosineTP": 0.5869656205177307,
        "RMG": 0.7096056356614875
      },
      "mean_rmg_over_batches": {
        "orig": 0.8089456060843112,
        "aligned": 0.7096056356614875
      },
      "mapping_stats": {
        "n_fit": 10000,
        "scale": 0.9968701642895448,
        "trace_txt": 0.68136881623694,
        "trace_img": 0.6771103460316358
      },
      "clustering_orig": {
        "ARI": 0.1473575702755418,
        "NMI": 0.680147800805322,
        "Homogeneity": 0.7352377665539472,
        "V-measure": 0.6801478008053219
      },
      "clustering_aligned": {
        "ARI": 0.1405998683356927,
        "NMI": 0.6826404061703308,
        "Homogeneity": 0.7384634882955629,
        "V-measure": 0.6826404061703308
      }
    }
  },
  "ViT-bigG-14___laion2b_s39b_b160k": {
    "flickr30k": {
      "method": "ReAlign",
      "dataset": "flickr30k",
      "direction": "text_to_vision",
      "retrieval_orig": {
        "1": 0.7430680990219116,
        "5": 0.9036915898323059,
        "10": 0.9435603022575378
      },
      "retrieval_aligned": {
        "1": 0.6052502393722534,
        "5": 0.8072190880775452,
        "10": 0.8689090013504028
      },
      "gaps_orig": {
        "L2M": 0.5777562260627747,
        "L2I": 1.0676380395889282,
        "cosineTP": 0.4291088581085205,
        "RMG": 0.7652968789194688
      },
      "gaps_aligned": {
        "L2M": 0.013882718048989773,
        "L2I": 0.8711576461791992,
        "cosineTP": 0.6179589033126831,
        "RMG": 0.6970985770163032
      },
      "mean_rmg_over_batches": null,
      "mapping_stats": {
        "n_fit": 10000,
        "scale": 0.9487608463341841,
        "trace_txt": 0.7377035013149907,